Playera STYLE and TENDENCIA Twins Horses,Edición de Fotografías Digitales,Marco Decorativo MDF,USB Personalizado,Taza de Porcelana
Reloj de Escritorio,Lampara de Acrilico Baby Yoda,USB Personalizado,Taza de Porcelana
Tarjetas de Presentación Digitales,Marco Decorativo MDF,Taza Cerámica Negra,USB Personalizado,Taza de Porcelana
Gorra Ajustable,Playera Geek,USB Personalizado,Taza de Porcelana
Super Vivid Led Neon Rayo,Playera Oversize,USB Personalizado,Taza de Porcelana
Marco Decorativo MDF,USB Personalizado,Taza de Porcelana
Set de Oficina Portátil,USB Personalizado,Taza de Porcelana
Termo Vacío,USB Personalizado,Taza de Porcelana
Playera Elefante Infinity,USB Personalizado,Taza de Porcelana
Soporte para Teléfono,USB Personalizado,Taza de Porcelana
Lámpara Elegante,Super vivid led neon Pink Heart
Caja magica multiples capas,USB Personalizado,Taza de Porcelana
Escultura de Cristal,USB Personalizado,Taza de Porcelana
Termo Vacío,USB Personalizado,Taza de Porcelana
Reloj de Escritorio,Taza con Meme,Set de Café Premium,USB Personalizado,Taza de Porcelana
Escultura de Cristal,Set de Escritorio
Taza Cerámica Blanca,Taza Clásica Blanca,Cuaderno Profesional,Caja magica multiples capas,USB Personalizado,Taza de Porcelana
Cuaderno Profesional,USB Personalizado,Taza de Porcelana
Super Vivid Led Neon Rayo,USB Personalizado,Taza de Porcelana
Caja magica multiples capas,Escultura de Cristal,USB Personalizado,Taza de Porcelana
Playera Personalizada,USB Personalizado,Taza de Porcelana
Restauración Fotografía Antigua,Rompecabezas MDF 1000 Piezas
Taza Cerámica Blanca,USB Personalizado,Taza de Porcelana
Set de Té,USB Personalizado,Taza de Porcelana
Disco Duro Portátil Indestructible,Tote Bag Ecológica,Reloj de Escritorio,USB Personalizado,Taza de Porcelana
Escultura de Cristal,Taza de Cerámica Artesanal,USB Personalizado,Taza de Porcelana
Taza Cerámica Negra,USB Personalizado,Taza de Porcelana
Lámpara Personalizada LED,Playera Geek,Diseño e Impresión de Tarjetas de Presentación,USB Personalizado,Taza de Porcelana
Bolígrafo Espacial Anti-Gravedad,Conejo de Pascua MDF color rosa,USB Personalizado,Taza de Porcelana
Cuaderno Profesional,Cuaderno Profesional,USB Personalizado,Taza de Porcelana
Taza de Diseño Minimalista,USB Personalizado,Taza de Porcelana
USB Personalizado,Taza de Porcelana
Termo Vacío,Bufanda Promocional,Lapicero Ejecutivo Plata,USB Personalizado,Taza de Porcelana
Escultura de Cristal,USB Personalizado,Taza de Porcelana
Playera Personalizada Negra,Kit Bienvenida,USB Personalizado,Taza de Porcelana
Diseño e Impresión de Tarjetas de Presentación,Set de Escritorio,USB Personalizado,Taza de Porcelana
Conejo de Pascua MDF color rosa,USB Personalizado,Taza de Porcelana
Taza de Porcelana,Set de Vinos,Llavero Promocional,USB Personalizado,Taza de Porcelana
Conejo de Pascua MDF color rosa,USB Personalizado,Taza de Porcelana
Bolígrafo Espacial Anti-Gravedad,Super vivid led neon Pink Heart,Bolígrafo Espacial Anti-Gravedad,Lámpara Elegante,USB Personalizado,Taza de Porcelana
Taza Cerámica Blanca,USB Personalizado,Taza de Porcelana
USB Personalizado,Taza de Porcelana
USB Personalizado,Taza de Porcelana
USB Personalizado,Taza de Porcelana
Set de Oficina Portátil,Playera Personalizada,Set de Té
Playera Oversize,Marco Decorativo MDF,USB Personalizado,Taza de Porcelana
USB Personalizado,Taza de Porcelana
Termo Vacío,Kit Home Office,Taza de Cerámica con Termómetro,USB Personalizado,Taza de Porcelana
Libreta Personalizada A5,USB Personalizado,Taza de Porcelana
Tarjetas de Presentación Digitales,Diploma de Reconocimiento,USB Personalizado,Taza de Porcelana
Termo Vacío,USB Personalizado,Taza de Porcelana
Bolígrafo Espacial Anti-Gravedad,Super vivid led neon Pink Heart,Conejo de Pascua MDF color rosa,Conejo de Pascua MDF color rosa,USB Personalizado,Taza de Porcelana
Sudadera Térmica con Capucha,Super Vivid Led Neon Rayo,USB Personalizado,Taza de Porcelana
USB Personalizado,Taza de Porcelana
Llavero Promocional,Taza Fotográfica,Camiseta Reflectante Nocturna,USB Personalizado,Taza de Porcelana
Kit Bienvenida,Disco Duro Portátil Indestructible,Playera Vintage,USB Personalizado,Taza de Porcelana
USB Personalizado,Taza de Porcelana
A1prueba con personalizacion,USB Personalizado,Taza de Porcelana
Soporte para Teléfono,Super vivid led neon Pink Heart,Tarjeta de Presentación Minimalista,USB Personalizado,Taza de Porcelana
Bolígrafo Espacial Anti-Gravedad,Edición de Fotografías Digitales,USB Personalizado,Taza de Porcelana
Playera Personalizada Blanca,USB Personalizado,Taza de Porcelana
Taza con Meme,Bolígrafo Promocional,USB Personalizado,Taza de Porcelana
Restauración de Fotografías,USB Personalizado,Taza de Porcelana
Playera Premium,Caja magica multiples capas,USB Personalizado,Taza de Porcelana
Taza Purificadora de Agua,Super Vivid Led Neon Rayo,USB Personalizado,Taza de Porcelana
Taza Cerámica Negra,Termo Vacío,Edición de Fotografías Digitales,Llavero Multifunción Táctico,USB Personalizado,Taza de Porcelana
Taza Clásica Negra,USB Personalizado,Taza de Porcelana
Playera Personalizada Negra,Set de Oficina Portátil,USB Personalizado,Taza de Porcelana
Playera Cuello V,USB Personalizado,Taza de Porcelana
Taza Autorellenable Programable,Set de Té,USB Personalizado,Taza de Porcelana
Edición de Fotografías Digitales,USB Personalizado,Taza de Porcelana
Caja de Regalo Ejecutiva,USB Personalizado,Taza de Porcelana
Cuaderno Profesional,USB Personalizado,Taza de Porcelana
Playera Básica Algodón,Playera Elefante Infinity,USB Personalizado,Taza de Porcelana
Set de Café Premium,USB Personalizado,Taza de Porcelana
Edición de Fotografías Digitales,USB Personalizado,Taza de Porcelana
Conejo de Pascua MDF color rosa,Disco Duro Portátil Indestructible,Llavero Multifunción Táctico,USB Personalizado,Taza de Porcelana
Sudadera Térmica con Capucha,USB Personalizado,Taza de Porcelana
Bolígrafo Promocional,USB Personalizado,Taza de Porcelana
Playera Cuello V,Llavero Multifunción Táctico,USB Personalizado,Taza de Porcelana
Botella Smart,Playera Estampada,Tarjetas de Presentación Digitales,USB Personalizado,Taza de Porcelana
Playera STYLE and TENDENCIA Ave,Escultura de Cristal,USB Personalizado,Taza de Porcelana
Termo Metálico,Playera Cuello V,USB Personalizado,Taza de Porcelana
USB Personalizado,Taza de Porcelana
Playera Cuello V,USB Personalizado,Taza de Porcelana
Cuaderno Profesional,Marco Decorativo MDF,USB Personalizado,Taza de Porcelana
Playera Cuello V,Set de Té,USB Personalizado,Taza de Porcelana
USB Personalizado,Taza de Porcelana
Camiseta Deportiva TechFit,USB Personalizado,Taza de Porcelana
Lampara de Acrilico Baby Yoda,USB Personalizado,Taza de Porcelana
Botella Smart,Playera Vintage,USB Personalizado,Taza de Porcelana
Camiseta Reflectante Nocturna,USB Personalizado,Taza de Porcelana
Libreta Ejecutiva,USB Personalizado,Taza de Porcelana
USB Personalizado,Taza de Porcelana
USB Personalizado,Taza de Porcelana
USB Personalizado,Taza de Porcelana
USB Personalizado,Taza de Porcelana
Libreta Ejecutiva,Taza de Viaje,USB Personalizado,Taza de Porcelana
USB Personalizado,Taza de Porcelana
Super Vivid Led Neon Rayo,Termo Vacío,USB Personalizado,Taza de Porcelana
Reloj de Escritorio,Set de Vinos,USB Personalizado,Taza de Porcelana
Juego Didáctico de Ensamble,Caja de Regalo MDF,Super vivid led neon Pink Heart,USB Personalizado,Taza de Porcelana
Diseño e Impresión de Tarjetas de Presentación,Taza de Diseño Minimalista,USB Personalizado,Taza de Porcelana
USB Personalizado,Taza de Porcelana
Cuaderno Profesional,Taza de Cerámica con Termómetro
Caja magica multiples capas,Soporte para Teléfono,USB Personalizado,Taza de Porcelana
Diseño e Impresión de Tarjetas de Presentación,Playera Personalizada,USB Personalizado,Taza de Porcelana
USB Personalizado,Taza de Porcelana
Restauración de Fotografías,USB Personalizado,Taza de Porcelana
Agenda Ejecutiva,Llavero Promocional,USB Personalizado,Taza de Porcelana
Restauración de Fotografías,USB Personalizado,Taza de Porcelana
Juego Didáctico de Ensamble
Lapicero con Base Metálica,Taza de Porcelana,USB Personalizado,Taza de Porcelana
Impresión Fotográfica 10x15,Playera Cuello V,USB Personalizado,Taza de Porcelana
Reloj de Pared Corporativo,Conejo de Pascua MDF color rosa,USB Personalizado,Taza de Porcelana
Edición de Fotografías Digitales,USB Personalizado,Taza de Porcelana
Agenda Ejecutiva,Libreta Ejecutiva,Conejo de Pascua MDF color rosa,Portarretratos MDF,Lámpara Elegante,USB Personalizado,Taza de Porcelana
USB Personalizado,Taza de Porcelana
Juego Didáctico de Ensamble,USB Personalizado,Taza de Porcelana
Diseño e Impresión de Tarjetas de Presentación,Set de Oficina Portátil,Lámpara Personalizada LED,USB Personalizado,Taza de Porcelana
USB Personalizado,Taza de Porcelana
Set de Oficina Portátil,USB Personalizado,Taza de Porcelana
Bufanda Promocional
Juego Didáctico de Ensamble,Super Vivid Led Neon Rayo,USB Personalizado,Taza de Porcelana
Reloj de Pared Corporativo,Restauración de Fotografías,Playera Geek,USB Personalizado,Taza de Porcelana
Set de Café Premium,USB Personalizado,Taza de Porcelana
Porta Tarjetas,USB Personalizado,Taza de Porcelana
Carpeta Personalizada,Diploma de Reconocimiento,USB Personalizado,Taza de Porcelana
Juego Didáctico de Ensamble,Lámpara de Proyección Estelar,USB Personalizado,Taza de Porcelana
Cuaderno Profesional,Bolígrafo Promocional
Reloj de Escritorio,Taza con Meme,Libreta Ejecutiva,USB Personalizado,Taza de Porcelana
Soporte para Teléfono,USB Personalizado,Taza de Porcelana
Taza de Cerámica Artesanal,Cuaderno Profesional,Restauración de Fotografías,Bolígrafo Promocional,USB Personalizado,Taza de Porcelana
Taza Cerámica Blanca,Reloj de Pared Corporativo
USB Personalizado,Taza de Porcelana
USB Personalizado,Taza de Porcelana
Termo Vacío,Set de Té,USB Personalizado,Taza de Porcelana
Playera Básica Algodón,USB Personalizado,Taza de Porcelana
USB Personalizado,Taza de Porcelana
Camiseta Antibacterial Premium,USB Personalizado,Taza de Porcelana
Taza de Cerámica Artesanal,Playera Vintage,Caja magica multiples capas,Tote Bag Ecológica,Set de Té,USB Personalizado,Taza de Porcelana
Camiseta Antibacterial Premium,Lapicero Ejecutivo Plata,USB Personalizado,Taza de Porcelana
USB Personalizado,Taza de Porcelana
USB Personalizado,Taza de Porcelana
Taza con Meme,USB Personalizado,Taza de Porcelana
Set de Té,Kit Home Office,USB Personalizado,Taza de Porcelana
Playera Elefante Infinity,USB Personalizado,Taza de Porcelana
Reloj de Escritorio,Playera Personalizada,Super vivid led neon Pink Heart,USB Personalizado,Taza de Porcelana
Bolígrafo Espacial Anti-Gravedad,Cuaderno Profesional,USB Personalizado,Taza de Porcelana
Taza Clásica Blanca,USB Personalizado,Taza de Porcelana
Playera Personalizada,Playera Deportiva,Botella Smart
Conejo de Pascua MDF color rosa,Taza Fotográfica,USB Personalizado,Taza de Porcelana
Reloj de Escritorio,Set de Té,USB Personalizado,Taza de Porcelana
Set de Oficina Portátil,Playera Básica Algodón,USB Personalizado,Taza de Porcelana
Taza Edición Especial,Taza de Viaje,Edición de Fotografías Digitales,Playera Geek,USB Personalizado,Taza de Porcelana
Playera Personalizada Negra,Lámpara de Proyección Estelar,USB Personalizado,Taza de Porcelana
Reloj de Escritorio,Set de Escritorio,USB Personalizado,Taza de Porcelana
Playera Estampada,Caja de Regalo Ejecutiva,Taza con Meme,Tarjetero de Metal,USB Personalizado,Taza de Porcelana
Set de Café Premium,USB Personalizado,Taza de Porcelana
Super Vivid Led Neon Rayo,Cofre de Regalo,USB Personalizado,Taza de Porcelana
Lapicero con Base Metálica,Playera STYLE and TENDENCIA Ave,USB Personalizado,Taza de Porcelana
Lámpara de Proyección Estelar,Set de Café Premium,USB Personalizado,Taza de Porcelana
Botella Smart,USB Personalizado,Taza de Porcelana
Super vivid led neon Pink Heart,A1prueba con personalizacion,Rompecabezas MDF 500 Piezas,Taza Purificadora de Agua,Taza de Diseño Minimalista,USB Personalizado,Taza de Porcelana
Llavero Promocional,USB Personalizado,Taza de Porcelana
Caja de Regalo MDF,Termo Metálico
Portalápices de Madera,USB Personalizado,Taza de Porcelana
USB Personalizado,Taza de Porcelana
USB Personalizado,Taza de Porcelana
USB Personalizado,Taza de Porcelana
Agenda Ejecutiva,USB Personalizado,Taza de Porcelana
Libreta Personalizada A5,Libreta Ecológica Bambú,USB Personalizado,Taza de Porcelana
Escultura de Cristal,Libreta Ecológica Bambú,USB Personalizado,Taza de Porcelana
Libreta Ecológica Bambú,Reloj de Escritorio,USB Personalizado,Taza de Porcelana
USB Personalizado,Taza de Porcelana
Playera Vintage,Playera Personalizada,Playera Deportiva,Termo Vacío,USB Personalizado,Taza de Porcelana
USB Personalizado,Taza de Porcelana
Bufanda Promocional,USB Personalizado,Taza de Porcelana
Tarjetas de Presentación Digitales,USB Personalizado,Taza de Porcelana
Set de Té,Agenda Ejecutiva,Super vivid led neon Pink Heart,USB Personalizado,Taza de Porcelana
A1prueba con personalizacion,Edición de Fotografías Digitales,Set de Café Premium,Bufanda Promocional
Mousepad Personalizado,Juego Didáctico de Ensamble,USB Personalizado,Taza de Porcelana
USB Personalizado,Taza de Porcelana
USB Personalizado,Taza de Porcelana
USB Personalizado,Taza de Porcelana
Bufanda Promocional,USB Personalizado,Taza de Porcelana
Gorra Ajustable,USB Personalizado,Taza de Porcelana
Conejo de Pascua MDF color rosa,USB Personalizado,Taza de Porcelana
USB Personalizado,Taza de Porcelana
Playera STYLE and TENDENCIA Ave,USB Personalizado,Taza de Porcelana
Agenda Corporativa,USB Personalizado,Taza de Porcelana
USB Personalizado,Taza de Porcelana
Lapicero Ejecutivo Plata,USB Personalizado,Taza de Porcelana
USB Personalizado,Taza de Porcelana
Libreta Ecológica Bambú,USB Personalizado,Taza de Porcelana
USB Personalizado,Taza de Porcelana
Sudadera Térmica con Capucha,Reloj de Escritorio,Taza Cerámica Negra,Escultura de Cristal,Taza Purificadora de Agua
Agenda Corporativa,USB Personalizado,Taza de Porcelana
USB Personalizado,Taza de Porcelana
Super vivid led neon Pink Heart,USB Personalizado,Taza de Porcelana
Taza de Viaje,USB Personalizado,Taza de Porcelana
Rompecabezas MDF 1000 Piezas,Set de Té,USB Personalizado,Taza de Porcelana
Playera Estampada,USB Personalizado,Taza de Porcelana
Centro de Mesa Evento,Playera Bamboo,Playera Manga Larga,USB Personalizado,Taza de Porcelana
USB Personalizado,Taza de Porcelana
Playera Personalizada,Taza con Meme,Taza Cerámica Blanca,USB Personalizado,Taza de Porcelana
Playera Estampada,USB Personalizado,Taza de Porcelana
Juego Didáctico de Ensamble,USB Personalizado,Taza de Porcelana
USB Personalizado,Taza de Porcelana
Libreta Ecológica Bambú,Camiseta Deportiva TechFit,USB Personalizado,Taza de Porcelana
Playera Básica Algodón,Impresión Fotográfica 10x15,USB Personalizado,Taza de Porcelana
Rompecabezas MDF 500 Piezas,USB Personalizado,Taza de Porcelana
Bolígrafo Espacial Anti-Gravedad,Escultura de Cristal,USB Personalizado,Taza de Porcelana
Conejo de Pascua MDF color rosa,Caja de Regalo MDF,A1prueba con personalizacion,Kit Bienvenida,USB Personalizado,Taza de Porcelana
Restauración de Fotografías,Playera Deportiva,USB Personalizado,Taza de Porcelana
USB Personalizado,Taza de Porcelana
Llavero Multifunción Táctico,USB Personalizado,Taza de Porcelana
Taza de Porcelana,USB Personalizado,Taza de Porcelana
Sudadera Térmica con Capucha,USB Personalizado,Taza de Porcelana
Portalápices de Madera,Bolígrafo Espacial Anti-Gravedad,Caja magica multiples capas,Taza con Meme,USB Personalizado,Taza de Porcelana
Taza de Porcelana,Lámpara Elegante,Kit Home Office,USB Personalizado,Taza de Porcelana
Tarjetas de Presentación Digitales,Camiseta Deportiva TechFit,USB Personalizado,Taza de Porcelana
Llavero Promocional,USB Personalizado,Taza de Porcelana
Restauración de Fotografías,USB Personalizado,Taza de Porcelana
Lampara de Acrilico Baby Yoda,Playera Oversize,Set de Café Premium
Set de Escritorio,Rompecabezas MDF 500 Piezas,USB Personalizado,Taza de Porcelana
Lámpara Elegante,USB Personalizado,Taza de Porcelana
USB Personalizado,Taza de Porcelana
Termo Vacío,Taza Fotográfica,USB Personalizado,Taza de Porcelana
Taza Autorellenable Programable,Set de Té,USB Personalizado,Taza de Porcelana
Set de Té,USB Personalizado,Taza de Porcelana
Playera Cuello V,Playera STYLE and TENDENCIA Twins Horses,Taza de Cerámica con Termómetro
A1prueba con personalizacion,USB Personalizado,Taza de Porcelana
Playera Personalizada
USB Personalizado,Taza de Porcelana
Set de Vinos,Reloj de Escritorio,Taza de Porcelana,USB Personalizado,Taza de Porcelana
Kit Bienvenida,USB Personalizado,Taza de Porcelana
Taza Clásica Negra,Playera STYLE and TENDENCIA Twins Horses,USB Personalizado,Taza de Porcelana
Playera Cuello V,USB Personalizado,Taza de Porcelana
Lapicero con Base de Madera,Botella Smart,USB Personalizado,Taza de Porcelana
Libreta Personalizada A5,Escultura de Cristal,USB Personalizado,Taza de Porcelana
USB Personalizado,Taza de Porcelana
Termo Vacío,USB Personalizado,Taza de Porcelana
USB Personalizado,Taza de Porcelana
Taza Edición Especial,USB Personalizado,Taza de Porcelana
Edición de Fotografías Digitales,USB Personalizado,Taza de Porcelana
Conejo de Pascua MDF color rosa,USB Personalizado,Taza de Porcelana
USB Personalizado,Taza de Porcelana
USB Personalizado,Taza de Porcelana
USB Personalizado,Taza de Porcelana
USB Personalizado,Taza de Porcelana
USB Personalizado,Taza de Porcelana
USB Personalizado,Taza de Porcelana
USB Personalizado,Taza de Porcelana
USB Personalizado,Taza de Porcelana
USB Personalizado,Taza de Porcelana
USB Personalizado,Taza de Porcelana
USB Personalizado,Taza de Porcelana
USB Personalizado,Taza de Porcelana
USB Personalizado,Taza de Porcelana
USB Personalizado,Taza de Porcelana
USB Personalizado,Taza de Porcelana
USB Personalizado,Taza de Porcelana
USB Personalizado,Taza de Porcelana
USB Personalizado,Taza de Porcelana
USB Personalizado,Taza de Porcelana
USB Personalizado,Taza de Porcelana
USB Personalizado,Taza de Porcelana
USB Personalizado,Taza de Porcelana
USB Personalizado,Taza de Porcelana
USB Personalizado,Taza de Porcelana
USB Personalizado,Taza de Porcelana
USB Personalizado,Taza de Porcelana
USB Personalizado,Taza de Porcelana
USB Personalizado,Taza de Porcelana
USB Personalizado,Taza de Porcelana
USB Personalizado,Taza de Porcelana
USB Personalizado,Taza de Porcelana
USB Personalizado,Taza de Porcelana
USB Personalizado,Taza de Porcelana
USB Personalizado,Taza de Porcelana
USB Personalizado,Taza de Porcelana
USB Personalizado,Taza de Porcelana
USB Personalizado,Taza de Porcelana
USB Personalizado,Taza de Porcelana
USB Personalizado,Taza de Porcelana
USB Personalizado,Taza de Porcelana
USB Personalizado,Taza de Porcelana
USB Personalizado,Taza de Porcelana
USB Personalizado,Taza de Porcelana
USB Personalizado,Taza de Porcelana
USB Personalizado,Taza de Porcelana
USB Personalizado,Taza de Porcelana
USB Personalizado,Taza de Porcelana
USB Personalizado,Taza de Porcelana
USB Personalizado,Taza de Porcelana
USB Personalizado,Taza de Porcelana
USB Personalizado,Taza de Porcelana
USB Personalizado,Taza de Porcelana
USB Personalizado,Taza de Porcelana
USB Personalizado,Taza de Porcelana
USB Personalizado,Taza de Porcelana
USB Personalizado,Taza de Porcelana
USB Personalizado,Taza de Porcelana
USB Personalizado,Taza de Porcelana
USB Personalizado,Taza de Porcelana
USB Personalizado,Taza de Porcelana
USB Personalizado,Taza de Porcelana
USB Personalizado,Taza de Porcelana
USB Personalizado,Taza de Porcelana
USB Personalizado,Taza de Porcelana
USB Personalizado,Taza de Porcelana
USB Personalizado,Taza de Porcelana
Sudadera Térmica con Capucha,Reloj de Escritorio,USB Personalizado,Taza de Porcelana
Camiseta Deportiva TechFit,Disco Duro Portátil Indestructible
Playera Personalizada Blanca,Restauración Fotografía Antigua,Llavero Promocional,Lámpara Elegante,Taza de Porcelana,USB Personalizado,Taza de Porcelana
Juego Didáctico de Ensamble,USB Personalizado,Taza de Porcelana
Agenda Corporativa,Taza de Viaje,USB Personalizado,Taza de Porcelana
Set de Té,Playera Personalizada,USB Personalizado,Taza de Porcelana
Lapicero Ejecutivo Plata,USB Personalizado,Taza de Porcelana
USB Personalizado,Taza de Porcelana
Taza de Porcelana,USB Personalizado,Taza de Porcelana
Caja de Regalo Ejecutiva,Lámpara Personalizada LED,USB Personalizado,Taza de Porcelana
USB Personalizado,Taza de Porcelana
Set de Oficina Portátil,Botella Smart,Playera Básica Algodón,USB Personalizado,Taza de Porcelana
Diploma de Reconocimiento,Portalápices de Madera,Playera Personalizada,Playera Oversize,Taza Fotográfica,Cofre de Regalo,Juego Didáctico de Ensamble,USB Personalizado,Taza de Porcelana
USB Personalizado,Taza de Porcelana
Diploma de Reconocimiento,Libreta Ejecutiva,Taza Fotográfica,Paraguas Corporativo,Playera Vintage,USB Personalizado,Taza de Porcelana
Bolígrafo Espacial Anti-Gravedad
Porta Tarjetas,USB Personalizado,Taza de Porcelana
Taza Cerámica Blanca,USB Personalizado,Taza de Porcelana
Playera STYLE and TENDENCIA Ave,USB Personalizado,Taza de Porcelana
Mousepad Personalizado,Libreta Ejecutiva,USB Personalizado,Taza de Porcelana
Playera STYLE and TENDENCIA Twins Horses,USB Personalizado,Taza de Porcelana
USB Personalizado,Taza de Porcelana
Taza de Porcelana,Playera Deportiva,Taza Fotográfica,Botella Smart,USB Personalizado,Taza de Porcelana
Llavero Multifunción Táctico,Playera Vintage,USB Personalizado,Taza de Porcelana
Set de Té,Set de Vinos,Playera Premium,Taza de Porcelana,USB Personalizado,Taza de Porcelana
Cuaderno Profesional,Reloj de Escritorio,USB Personalizado,Taza de Porcelana
Bolígrafo Espacial Anti-Gravedad,Diseño e Impresión de Tarjetas de Presentación,Reloj de Escritorio,USB Personalizado,Taza de Porcelana
Botella Smart,USB Personalizado,Taza de Porcelana
Reloj de Pared Corporativo,Mousepad Personalizado,Lámpara Elegante,USB Personalizado,Taza de Porcelana
Taza Fotográfica,Taza de Cerámica Artesanal,Cuaderno Profesional,USB Personalizado,Taza de Porcelana
USB Personalizado,Taza de Porcelana
Cuaderno Profesional,Llavero Promocional,USB Personalizado,Taza de Porcelana
Reloj de Escritorio,USB Personalizado,Taza de Porcelana
Cofre de Regalo,Gorra Ajustable,USB Personalizado,Taza de Porcelana
USB Personalizado,Taza de Porcelana
Llavero Promocional,USB Personalizado,Taza de Porcelana
Lampara de Acrilico Baby Yoda,USB Personalizado,Taza de Porcelana
Llavero Multifunción Táctico,Kit Bienvenida,USB Personalizado,Taza de Porcelana
Playera Premium,USB Personalizado,Taza de Porcelana
Llavero Multifunción Táctico,Libreta Personalizada A5,USB Personalizado,Taza de Porcelana
Caja magica multiples capas,Taza Clásica Negra,USB Personalizado,Taza de Porcelana
Termo Vacío,USB Personalizado,Taza de Porcelana
Set de Vinos,USB Personalizado,Taza de Porcelana
USB Personalizado,Taza de Porcelana
Lámpara Personalizada LED,Reloj de Pared Corporativo,USB Personalizado,Taza de Porcelana
USB Personalizado,Taza de Porcelana
USB Personalizado,Taza de Porcelana
Tarjeta de Presentación Elegante,USB Personalizado,Taza de Porcelana
Taza de Porcelana,Cuaderno Personalizado A4,Botella Smart,USB Personalizado,Taza de Porcelana
Cuaderno Profesional,Libreta Ecológica Bambú,Conejo de Pascua MDF color rosa,USB Personalizado,Taza de Porcelana
Llavero Multifunción Táctico,Playera Estampada,Botella Smart,USB Personalizado,Taza de Porcelana
Soporte para Teléfono,USB Personalizado,Taza de Porcelana
Taza Purificadora de Agua,Restauración de Fotografías,USB Personalizado,Taza de Porcelana
Bufanda Promocional,USB Personalizado,Taza de Porcelana
Taza de Porcelana,USB Personalizado,Taza de Porcelana
Super Vivid Led Neon Rayo,USB Personalizado,Taza de Porcelana
USB Personalizado,Taza de Porcelana
Sudadera Térmica con Capucha,USB Personalizado,Taza de Porcelana
USB Personalizado,Taza de Porcelana
USB Personalizado,Taza de Porcelana
Mochila Promocional,USB Personalizado,Taza de Porcelana
Carpeta Personalizada,Cofre de Regalo,USB Personalizado,Taza de Porcelana
USB Personalizado,Taza de Porcelana
Bolígrafo Promocional,Guirnalda Evento,USB Personalizado,Taza de Porcelana
Taza Fotográfica,Llavero Promocional,USB Personalizado,Taza de Porcelana
USB Personalizado,Taza de Porcelana
Playera Manga Larga,Cuaderno Profesional,USB Personalizado,Taza de Porcelana
Termo Metálico,Bolígrafo Espacial Anti-Gravedad,Porta Tarjetas,USB Personalizado,Taza de Porcelana
Libreta Ejecutiva,Lapicero con Base de Madera,USB Personalizado,Taza de Porcelana
USB Personalizado,Taza de Porcelana
USB Personalizado,Taza de Porcelana
Camiseta con Panel Solar Integrado,Impresión Gráfica A4,USB Personalizado,Taza de Porcelana
Edición de Fotografías Digitales,USB Personalizado,Taza de Porcelana
USB Personalizado,Taza de Porcelana
Edición de Fotografías Digitales,Playera Oversize,USB Personalizado,Taza de Porcelana
Camiseta Reflectante Nocturna,Playera Básica Algodón,Gorra Ajustable,USB Personalizado,Taza de Porcelana
Camiseta Antibacterial Premium,Cofre de Regalo,USB Personalizado,Taza de Porcelana
USB Personalizado,Taza de Porcelana
Cuaderno Profesional,USB Personalizado,Taza de Porcelana
USB Personalizado,Taza de Porcelana
Gorra Ajustable,USB Personalizado,Taza de Porcelana
Reloj de Pared Corporativo,Playera Vintage,Tote Bag Ecológica,Llavero Multifunción Táctico,Lapicero Ejecutivo Plata,USB Personalizado,Taza de Porcelana
USB Personalizado,Taza de Porcelana
Edición de Fotografías Digitales,USB Personalizado,Taza de Porcelana
Conejo de Pascua MDF color rosa,USB Personalizado,Taza de Porcelana
Bolígrafo Espacial Anti-Gravedad,USB Personalizado,Taza de Porcelana
USB Personalizado,Taza de Porcelana
Set de Regalos Empresariales,USB Personalizado,Taza de Porcelana
Lámpara de Proyección Estelar,USB Personalizado,Taza de Porcelana
Taza Edición Especial,Termo Vacío,USB Personalizado,Taza de Porcelana
Centro de Mesa Evento,Playera Cuello V,USB Personalizado,Taza de Porcelana
Sudadera Térmica con Capucha,Guirnalda Evento,A1prueba con personalizacion,USB Personalizado,Taza de Porcelana
Reloj de Escritorio,USB Personalizado,Taza de Porcelana
Playera Personalizada,USB Personalizado,Taza de Porcelana
USB Personalizado,Taza de Porcelana
Bolígrafo Promocional,Taza de Porcelana,Conejo de Pascua MDF color rosa,USB Personalizado,Taza de Porcelana
Taza de Porcelana,Diseño e Impresión de Tarjetas de Presentación,Termo Vacío,USB Personalizado,Taza de Porcelana
Taza Mágica,USB Personalizado,Taza de Porcelana
USB Personalizado,Taza de Porcelana
Bolígrafo Espacial Anti-Gravedad,Playera Cuello V,Cofre de Regalo,USB Personalizado,Taza de Porcelana
Cuaderno Profesional,USB Personalizado,Taza de Porcelana
Agenda Ejecutiva,Reloj de Escritorio,Diseño e Impresión de Tarjetas de Presentación,USB Personalizado,Taza de Porcelana
Set de Té,Lapicero con Base de Madera,Set de Escritorio,USB Personalizado,Taza de Porcelana
Set de Café Premium,USB Personalizado,Taza de Porcelana
USB Personalizado,Taza de Porcelana
USB Personalizado,Taza de Porcelana
USB Personalizado,Taza de Porcelana
USB Personalizado,Taza de Porcelana
Taza de Viaje,Playera STYLE and TENDENCIA Ave,USB Personalizado,Taza de Porcelana
Caja magica multiples capas,Taza Cerámica Negra,Playera Bamboo,Conejo de Pascua MDF color rosa,USB Personalizado,Taza de Porcelana
USB Personalizado,Taza de Porcelana
Playera Deportiva,USB Personalizado,Taza de Porcelana
Lámpara Elegante,Bolígrafo Promocional,Set de Oficina Portátil,USB Personalizado,Taza de Porcelana
Taza con Meme,Playera Personalizada Negra,Reloj de Escritorio,USB Personalizado,Taza de Porcelana
Mousepad Personalizado,USB Personalizado,Taza de Porcelana
USB Personalizado,Taza de Porcelana
Taza Edición Especial,Caja de Regalo MDF,Set de Té
USB Personalizado,Taza de Porcelana
Juego Didáctico de Ensamble,USB Personalizado,Taza de Porcelana
Lámpara Personalizada LED,Cuaderno Personalizado A4,USB Personalizado,Taza de Porcelana
Playera Básica Algodón,Termo Vacío,Sudadera Térmica con Capucha,USB Personalizado,Taza de Porcelana
USB Personalizado,Taza de Porcelana
Restauración Fotografía Antigua,Juego Didáctico de Ensamble,Caja de Regalo Ejecutiva,Reloj de Pared Corporativo,Set de Vinos,USB Personalizado,Taza de Porcelana
Bolígrafo Espacial Anti-Gravedad,USB Personalizado,Taza de Porcelana
Taza con Meme,USB Personalizado,Taza de Porcelana
Reloj de Escritorio,USB Personalizado,Taza de Porcelana
USB Personalizado,Taza de Porcelana
USB Personalizado,Taza de Porcelana
USB Personalizado,Taza de Porcelana
Llavero Multifunción Táctico
Reloj de Escritorio,USB Personalizado,Taza de Porcelana
Portalápices de Madera,USB Personalizado,Taza de Porcelana
Conejo de Pascua MDF color rosa,USB Personalizado,Taza de Porcelana
Agenda Ejecutiva,Bolígrafo Publicitario,USB Personalizado,Taza de Porcelana
Disco Duro Portátil Indestructible,Bolígrafo Espacial Anti-Gravedad,USB Personalizado,Taza de Porcelana
Playera Cuello V,Llavero Multifunción Táctico,USB Personalizado,Taza de Porcelana
Playera Manga Larga,USB Personalizado,Taza de Porcelana
USB Personalizado,Taza de Porcelana
Taza Cerámica Negra,Bolígrafo Espacial Anti-Gravedad,Kit Home Office
Conejo de Pascua MDF color rosa,Taza Purificadora de Agua
Caja magica multiples capas,USB Personalizado,Taza de Porcelana
Bolígrafo Espacial Anti-Gravedad,Bufanda Promocional,Camiseta Reflectante Nocturna,USB Personalizado,Taza de Porcelana
Bufanda Promocional,Diseño e Impresión de Tarjetas de Presentación,USB Personalizado,Taza de Porcelana
Conejo de Pascua MDF color rosa,Agenda Ejecutiva
Set de Oficina Portátil,Reloj de Escritorio,Lámpara de Proyección Estelar,USB Personalizado,Taza de Porcelana
Taza de Viaje,Playera Premium,Playera Personalizada Negra,USB Personalizado,Taza de Porcelana
USB Personalizado,Taza de Porcelana
Bolígrafo Espacial Anti-Gravedad,Cofre de Regalo,USB Personalizado,Taza de Porcelana
USB Personalizado,Taza de Porcelana
Escultura de Cristal,Playera Oversize,USB Personalizado,Taza de Porcelana
Termo Vacío,Paraguas Corporativo,Impresión Gráfica A4,USB Personalizado,Taza de Porcelana
Lámpara de Mesa Personalizada,Llavero Multifunción Táctico,Bolígrafo Espacial Anti-Gravedad,USB Personalizado,Taza de Porcelana
Agenda Ejecutiva,Botella Smart,USB Personalizado,Taza de Porcelana
USB Personalizado,Taza de Porcelana
Botella Smart,USB Personalizado,Taza de Porcelana
USB Personalizado,Lapicero con Base Metálica,USB Personalizado,Taza de Porcelana
Taza Clásica Negra,USB Personalizado,Taza de Porcelana
Playera Premium,USB Personalizado,Taza de Porcelana
Conejo de Pascua MDF color rosa,USB Personalizado,Taza de Porcelana
Soporte para Teléfono,USB Personalizado,Taza de Porcelana
Conejo de Pascua MDF color rosa,Tarjeta de Presentación Minimalista,Super vivid led neon Pink Heart,Restauración Fotografía Antigua,USB Personalizado,Taza de Porcelana
Agenda Ejecutiva,USB Personalizado,Taza de Porcelana
Paraguas Corporativo,USB Personalizado,Taza de Porcelana
Mochila Promocional,Portarretratos MDF,Playera Elefante Infinity,USB Personalizado,Taza de Porcelana
Escultura de Cristal,USB Personalizado,Taza de Porcelana
Taza con Meme
Portarretratos MDF,Lapicero Ejecutivo Plata,Portarretratos MDF,USB Personalizado,Taza de Porcelana
Bolígrafo Espacial Anti-Gravedad,USB Personalizado,Taza de Porcelana
USB Personalizado,Taza de Porcelana
Restauración de Fotografías,Cofre de Regalo,USB Personalizado,Taza de Porcelana
Taza Clásica Negra,USB Personalizado,Taza de Porcelana
USB Personalizado,Taza de Porcelana
Cuaderno Profesional,Restauración de Fotografías,USB Personalizado,Taza de Porcelana
Taza con Meme,Playera Personalizada,USB Personalizado,Taza de Porcelana
USB Personalizado,Taza de Porcelana
Super Vivid Led Neon Rayo,Diseño e Impresión de Tarjetas de Presentación,Bolígrafo Espacial Anti-Gravedad,USB Personalizado,Taza de Porcelana
Taza Autorellenable Programable,Restauración de Fotografías,Conejo de Pascua MDF color rosa,Playera Elefante Infinity,Conejo de Pascua MDF color rosa,USB Personalizado,Taza de Porcelana
Playera Personalizada Negra,Paraguas Corporativo,Playera Personalizada Blanca,USB Personalizado,Taza de Porcelana
Agenda Ejecutiva,USB Personalizado,Taza de Porcelana
Taza Mágica,Reloj de Escritorio,USB Personalizado,Taza de Porcelana
USB Personalizado,Taza de Porcelana
Libreta Personalizada A5,Tarjetas de Presentación Digitales,Playera Personalizada Negra,USB Personalizado,Taza de Porcelana
Paraguas Corporativo,USB Personalizado,Taza de Porcelana
USB Personalizado,Taza de Porcelana
Mousepad Personalizado
Taza Fotográfica,USB Personalizado,Taza de Porcelana
USB Personalizado,Taza de Porcelana
Tarjetas de Presentación Digitales,USB Personalizado,Taza de Porcelana
Taza de Cerámica con Termómetro,USB Personalizado,Taza de Porcelana
Restauración de Fotografías,USB Personalizado,Taza de Porcelana
Set de Vinos,Cuaderno Profesional,USB Personalizado,Taza de Porcelana
Gorra Ajustable,Reloj de Escritorio,Taza Purificadora de Agua,Playera STYLE and TENDENCIA Ave,Escultura de Cristal,USB Personalizado,Taza de Porcelana
Libreta Ejecutiva,USB Personalizado,Taza de Porcelana
Taza Cerámica Blanca,Playera Personalizada,USB Personalizado,Taza de Porcelana
Libreta Ejecutiva,USB Personalizado,Taza de Porcelana
Botella Smart,Disco Duro Portátil Indestructible,Camiseta Reflectante Nocturna,USB Personalizado,Taza de Porcelana
Taza Clásica Blanca,USB Personalizado,Taza de Porcelana
Portalápices de Madera,Lámpara de Mesa Personalizada,USB Personalizado,Taza de Porcelana
Caja magica multiples capas,Kit Home Office,USB Personalizado,Taza de Porcelana
USB Personalizado,Taza de Porcelana
Restauración de Fotografías,USB Personalizado,Taza de Porcelana
Diseño e Impresión de Tarjetas de Presentación,Tarjetas de Presentación Digitales,USB Personalizado,Taza de Porcelana
USB Personalizado,Taza de Porcelana
Diploma de Reconocimiento,USB Personalizado,Taza de Porcelana
USB Personalizado,Taza de Porcelana
Agenda Ejecutiva,Escultura de Cristal,Reloj de Escritorio,Cuaderno Profesional,Taza de Porcelana,USB Personalizado,Taza de Porcelana
Guirnalda Evento,USB Personalizado,Taza de Porcelana
Set de Té,Set de Vinos,Mochila Promocional,USB Personalizado,Taza de Porcelana
Set de Oficina Portátil,USB Personalizado,Taza de Porcelana
USB Personalizado,Taza de Porcelana
Reloj de Pared Corporativo,USB Personalizado,Taza de Porcelana
Playera Vintage,Lámpara Elegante,USB Personalizado,Taza de Porcelana
USB Personalizado,Taza de Porcelana
Set de Regalos Empresariales,Set de Vinos,Tarjetas de Presentación Digitales,USB Personalizado,Taza de Porcelana
Playera Estampada
Lapicero Ejecutivo Plata,Super Vivid Led Neon Rayo,USB Personalizado,Taza de Porcelana
Taza de Viaje,Camiseta Antibacterial Premium,USB Personalizado,Taza de Porcelana
Restauración Fotografía Color,Termo Vacío,USB Personalizado,Taza de Porcelana
Cofre de Regalo,Taza de Porcelana,USB Personalizado,Taza de Porcelana
Reloj de Pared Corporativo,USB Personalizado,Taza de Porcelana
Impresión Fotográfica 10x15,Set de Té,Restauración de Fotografías,USB Personalizado,Taza de Porcelana
Playera Oversize,Playera Oversize,USB Personalizado,Taza de Porcelana
Taza de Porcelana,Reloj de Escritorio,USB Personalizado,Taza de Porcelana
A1prueba con personalizacion,Libreta Ejecutiva,Set de Vinos,USB Personalizado,Taza de Porcelana
Reloj de Pared Corporativo,Edición de Fotografías Digitales
Agenda Ejecutiva,Taza Fotográfica,Diseño e Impresión de Tarjetas de Presentación,Mousepad Personalizado,Lámpara de Mesa Personalizada,USB Personalizado,Taza de Porcelana
Taza Fotográfica,Tarjetas de Presentación Digitales,USB Personalizado,Taza de Porcelana
Termo Vacío,Super vivid led neon Pink Heart,USB Personalizado,Taza de Porcelana
USB Personalizado,Taza de Porcelana
Paraguas Corporativo,Taza de Viaje,USB Personalizado,Taza de Porcelana
Llavero Promocional,USB Personalizado,Taza de Porcelana
USB Personalizado,USB Personalizado,USB Personalizado,Taza de Porcelana
Mochila Promocional,Kit Home Office,Lapicero Ejecutivo Plata,Caja de Regalo MDF,USB Personalizado,Taza de Porcelana
USB Personalizado,Taza de Porcelana
USB Personalizado,Taza de Porcelana
Lampara de Acrilico Baby Yoda,Playera Manga Larga,USB Personalizado,Taza de Porcelana
Llavero Promocional,Reloj de Escritorio,Taza de Porcelana,USB Personalizado,Taza de Porcelana
USB Personalizado,Taza de Porcelana
Guirnalda Evento,Reloj de Pared Corporativo,USB Personalizado,Taza de Porcelana
Agenda Corporativa,USB Personalizado,Taza de Porcelana
Llavero Promocional,Playera Personalizada Negra,USB Personalizado,Taza de Porcelana
Super vivid led neon Pink Heart,USB Personalizado,Taza de Porcelana
Caja de Regalo MDF,USB Personalizado,Taza de Porcelana
Kit Bienvenida,USB Personalizado,Taza de Porcelana
Lapicero con Base de Madera,Restauración de Fotografías,USB Personalizado,Taza de Porcelana
Llavero Promocional,USB Personalizado,Taza de Porcelana
Taza Autorellenable Programable,USB Personalizado,Taza de Porcelana
Mochila Promocional,Lampara de Acrilico Baby Yoda,USB Personalizado,Taza de Porcelana
Marco Decorativo MDF,USB Personalizado,Taza de Porcelana
USB Personalizado,Taza de Porcelana
USB Personalizado,Taza de Porcelana
USB Personalizado,Taza de Porcelana
USB Personalizado,Taza de Porcelana
USB Personalizado,Taza de Porcelana
USB Personalizado,Taza de Porcelana
USB Personalizado,Taza de Porcelana
USB Personalizado,Taza de Porcelana
USB Personalizado,Taza de Porcelana
USB Personalizado,Taza de Porcelana
USB Personalizado,Taza de Porcelana
USB Personalizado,Taza de Porcelana
USB Personalizado,Taza de Porcelana
USB Personalizado,Taza de Porcelana
USB Personalizado,Taza de Porcelana
USB Personalizado,Taza de Porcelana
USB Personalizado,Taza de Porcelana
USB Personalizado,Taza de Porcelana
USB Personalizado,Taza de Porcelana
USB Personalizado,Taza de Porcelana
USB Personalizado,Taza de Porcelana
USB Personalizado,Taza de Porcelana
USB Personalizado,Taza de Porcelana
USB Personalizado,Taza de Porcelana
USB Personalizado,Taza de Porcelana
USB Personalizado,Taza de Porcelana
USB Personalizado,Taza de Porcelana
USB Personalizado,Taza de Porcelana
USB Personalizado,Taza de Porcelana
USB Personalizado,Taza de Porcelana
USB Personalizado,Taza de Porcelana
USB Personalizado,Taza de Porcelana
USB Personalizado,Taza de Porcelana
USB Personalizado,Taza de Porcelana
USB Personalizado,Taza de Porcelana
USB Personalizado,Taza de Porcelana
USB Personalizado,Taza de Porcelana
USB Personalizado,Taza de Porcelana
USB Personalizado,Taza de Porcelana
USB Personalizado,Taza de Porcelana
USB Personalizado,Taza de Porcelana
USB Personalizado,Taza de Porcelana
USB Personalizado,Taza de Porcelana
USB Personalizado,Taza de Porcelana
USB Personalizado,Taza de Porcelana
USB Personalizado,Taza de Porcelana
USB Personalizado,Taza de Porcelana
USB Personalizado,Taza de Porcelana
USB Personalizado,Taza de Porcelana
USB Personalizado,Taza de Porcelana
USB Personalizado,Taza de Porcelana
USB Personalizado,Taza de Porcelana
USB Personalizado,Taza de Porcelana
USB Personalizado,Taza de Porcelana
USB Personalizado,Taza de Porcelana
USB Personalizado,Taza de Porcelana
USB Personalizado,Taza de Porcelana
USB Personalizado,Taza de Porcelana
USB Personalizado,Taza de Porcelana
USB Personalizado,Taza de Porcelana
USB Personalizado,Taza de Porcelana
USB Personalizado,Taza de Porcelana
USB Personalizado,Taza de Porcelana
USB Personalizado,Taza de Porcelana
USB Personalizado,Taza de Porcelana
USB Personalizado,Taza de Porcelana
USB Personalizado,Taza de Porcelana
USB Personalizado,Taza de Porcelana
USB Personalizado,Taza de Porcelana
Diseño e Impresión de Tarjetas de Presentación,Soporte para Teléfono,USB Personalizado,Taza de Porcelana
Cofre de Regalo,Playera STYLE and TENDENCIA Twins Horses,Conejo de Pascua MDF color rosa,USB Personalizado,Taza de Porcelana
Taza de Cerámica con Termómetro,Impresión Fotográfica 10x15,USB Personalizado,Taza de Porcelana
Tote Bag Ecológica,Playera Cuello V,USB Personalizado,Taza de Porcelana
Reloj de Escritorio,Reloj de Escritorio,USB Personalizado,Taza de Porcelana
Impresión Gráfica A4,USB Personalizado,Taza de Porcelana
USB Personalizado,Taza de Porcelana
Restauración de Fotografías,Bolígrafo Espacial Anti-Gravedad,USB Personalizado,Taza de Porcelana
USB Personalizado,Taza de Porcelana
Set de Escritorio,Lampara de Acrilico Baby Yoda,Reloj de Pared Corporativo,USB Personalizado,Taza de Porcelana
Diploma de Reconocimiento
USB Personalizado,USB Personalizado,Taza de Porcelana
Conejo de Pascua MDF color rosa,USB Personalizado,Taza de Porcelana
Termo Vacío,Set de Café Premium,Camiseta con Panel Solar Integrado,Cuaderno Profesional,Cuaderno Profesional,USB Personalizado,Taza de Porcelana
USB Personalizado,Taza de Porcelana
Conejo de Pascua MDF color rosa,Taza Purificadora de Agua,USB Personalizado,Taza de Porcelana
Set de Té,USB Personalizado,Taza de Porcelana
USB Personalizado,Taza de Porcelana
Sudadera Térmica con Capucha,Camiseta Térmica Regulable,Libreta Ecológica Bambú,USB Personalizado,Taza de Porcelana
Conejo de Pascua MDF color rosa,USB Personalizado,Taza de Porcelana
USB Personalizado,Taza de Porcelana
USB Personalizado,Taza de Porcelana
Termo Vacío,USB Personalizado,Taza de Porcelana
USB Personalizado,Taza de Porcelana
USB Personalizado,Taza de Porcelana
Taza de Diseño Minimalista,USB Personalizado,Taza de Porcelana
USB Personalizado,Taza de Porcelana
Cuaderno Profesional,Playera STYLE and TENDENCIA Twins Horses,Gorra Ajustable,Disco Duro Portátil Indestructible,Playera Personalizada,USB Personalizado,Taza de Porcelana
Taza de Cerámica Artesanal,USB Personalizado,Taza de Porcelana
Lámpara Personalizada LED,Playera Básica Algodón,Set de Vinos,USB Personalizado,Taza de Porcelana
USB Personalizado,Taza de Porcelana
Taza Edición Especial,Botella Smart,USB Personalizado,Taza de Porcelana
USB Personalizado,Taza de Porcelana
Libreta Ejecutiva,Playera Personalizada,Playera Deportiva,USB Personalizado,Taza de Porcelana
Taza de Cerámica Artesanal,Edición de Fotografías Digitales,Disco Duro Portátil Indestructible,Playera Bamboo,USB Personalizado,Taza de Porcelana
USB Personalizado,Taza de Porcelana
USB Personalizado,Taza de Porcelana
Diseño e Impresión de Tarjetas de Presentación,Restauración de Fotografías,Taza Clásica Blanca,Playera Vintage,USB Personalizado,Taza de Porcelana
Playera Geek,Set de Té,USB Personalizado,Taza de Porcelana
Libreta Ecológica Bambú,Diploma de Reconocimiento,Conejo de Pascua MDF color rosa,USB Personalizado,Taza de Porcelana
USB Personalizado,Taza de Porcelana
Juego Didáctico de Ensamble,Edición de Fotografías Digitales,USB Personalizado,Taza de Porcelana
Caja magica multiples capas,USB Personalizado,Taza de Porcelana
Sudadera Térmica con Capucha,Set de Café Premium,USB Personalizado,Taza de Porcelana
USB Personalizado,Taza de Porcelana
Llavero Promocional,Diseño e Impresión de Tarjetas de Presentación,Gorra Ajustable,USB Personalizado,Taza de Porcelana
Super Vivid Led Neon Rayo,Playera Bamboo,USB Personalizado,Taza de Porcelana
Taza con Meme,USB Personalizado,Taza de Porcelana
Libreta Ecológica Bambú,Camiseta con Panel Solar Integrado
Playera Vintage,Playera Elefante Infinity,USB Personalizado,Taza de Porcelana
USB Personalizado,Taza de Porcelana
Soporte para Teléfono,Rompecabezas MDF 1000 Piezas,USB Personalizado,Taza de Porcelana
USB Personalizado,Taza de Porcelana
Lapicero con Base Metálica,USB Personalizado,Taza de Porcelana
Playera Vintage,Playera Personalizada Blanca,Mousepad Personalizado,Playera Cuello V,Rompecabezas MDF 1000 Piezas,USB Personalizado,Taza de Porcelana
Conejo de Pascua MDF color rosa,Super vivid led neon Pink Heart,USB Personalizado,Taza de Porcelana
USB Personalizado,Taza de Porcelana
Diploma de Reconocimiento,USB Personalizado,Taza de Porcelana
USB Personalizado,Taza de Porcelana
Restauración Fotografía Antigua,Impresión Fotográfica 10x15,Taza Cerámica Blanca,Tarjetero de Metal,USB Personalizado,Taza de Porcelana
Taza Mágica,USB Personalizado,Taza de Porcelana
Reloj de Pared Corporativo,Playera Geek,Mousepad Personalizado
Playera Vintage,USB Personalizado,Taza de Porcelana
USB Personalizado,Taza de Porcelana
Playera Personalizada,Restauración Fotografía Color,USB Personalizado,Taza de Porcelana
Taza Fotográfica,Playera Estampada,USB Personalizado,Taza de Porcelana
Lámpara Personalizada LED,USB Personalizado,Taza de Porcelana
Libreta Ecológica Bambú,Libreta Ecológica Bambú,Mousepad Personalizado,USB Personalizado,Taza de Porcelana
Playera Cuello V,Playera Cuello V,USB Personalizado,Taza de Porcelana
Restauración de Fotografías,USB Personalizado,Taza de Porcelana
Taza de Diseño Minimalista
Playera Deportiva,USB Personalizado,Taza de Porcelana
USB Personalizado,Taza de Porcelana
Termo Vacío
Edición de Fotografías Digitales,Set de Té
Paraguas Corporativo,USB Personalizado,Taza de Porcelana
Taza con Meme,Set de Oficina Portátil,USB Personalizado,Taza de Porcelana
Libreta Ejecutiva,Portalápices de Madera,USB Personalizado,Taza de Porcelana
Llavero Promocional,USB Personalizado,Taza de Porcelana
Taza Purificadora de Agua,USB Personalizado,Taza de Porcelana
USB Personalizado,Taza de Porcelana
Conejo de Pascua MDF color rosa,Conejo de Pascua MDF color rosa,Set de Té,USB Personalizado,Taza de Porcelana
Guirnalda Evento,Rompecabezas MDF 500 Piezas,USB Personalizado,Taza de Porcelana
Reloj de Escritorio,Reloj de Escritorio,Taza Edición Especial,USB Personalizado,Taza de Porcelana
Playera Básica Algodón,Taza de Viaje,USB Personalizado,Taza de Porcelana
Taza de Porcelana
Tote Bag Ecológica,Cuaderno Profesional,Agenda Ejecutiva,Libreta Ejecutiva,Taza Edición Especial,USB Personalizado,Taza de Porcelana
Soporte para Teléfono,USB Personalizado,Taza de Porcelana
Impresión Fotográfica 10x15,Taza de Viaje,USB Personalizado,Taza de Porcelana
USB Personalizado,Taza de Porcelana
Taza Fotográfica,USB Personalizado,Taza de Porcelana
Taza Cerámica Blanca
USB Personalizado,Taza de Porcelana
USB Personalizado,Taza de Porcelana
Playera Cuello V,USB Personalizado,Taza de Porcelana
Camiseta Reflectante Nocturna,Mousepad Personalizado,Reloj de Escritorio,USB Personalizado,Taza de Porcelana
USB Personalizado,Taza de Porcelana
Lapicero con Base de Madera,USB Personalizado,Taza de Porcelana
Centro de Mesa Evento,USB Personalizado,Taza de Porcelana
Set de Té,Botella Smart,Kit Home Office,USB Personalizado,Taza de Porcelana
Tarjetas de Presentación Digitales,USB Personalizado,Taza de Porcelana
Set de Té,Cofre de Regalo,Soporte para Teléfono
Set de Oficina Portátil,Camiseta con Panel Solar Integrado,Paraguas Corporativo,Playera STYLE and TENDENCIA Ave
USB Personalizado,Taza de Porcelana
Playera Bamboo,Playera Cuello V,Playera Cuello V,USB Personalizado,Taza de Porcelana
Taza de Porcelana,USB Personalizado,Taza de Porcelana
Sudadera Térmica con Capucha,Super vivid led neon Pink Heart,Playera Personalizada Blanca,USB Personalizado,Taza de Porcelana
USB Personalizado,Taza de Porcelana
Taza de Diseño Minimalista,Set de Vinos,USB Personalizado,Taza de Porcelana
USB Personalizado,Taza de Porcelana
Bolígrafo Promocional,Restauración de Fotografías,Lámpara Elegante,USB Personalizado,Taza de Porcelana
Botella Smart,Mousepad Personalizado,Llavero Promocional,USB Personalizado,Taza de Porcelana
USB Personalizado,Taza de Porcelana
Taza de Viaje,Set de Oficina Portátil,Playera Vintage,Conejo de Pascua MDF color rosa,USB Personalizado,Taza de Porcelana
Libreta Ejecutiva,USB Personalizado,Taza de Porcelana
USB Personalizado,Taza de Porcelana
Super vivid led neon Pink Heart,USB Personalizado,Taza de Porcelana
Carpeta Personalizada,USB Personalizado,Taza de Porcelana
Conejo de Pascua MDF color rosa,Set de Té,Playera Manga Larga,Taza Clásica Negra,USB Personalizado,Taza de Porcelana
Lámpara Elegante,Playera Deportiva,USB Personalizado,Taza de Porcelana
Porta Tarjetas,Super Vivid Led Neon Rayo,USB Personalizado,Taza de Porcelana
USB Personalizado,Taza de Porcelana
Camiseta con Panel Solar Integrado,USB Personalizado,Taza de Porcelana
Mochila Promocional,USB Personalizado,Taza de Porcelana
Conejo de Pascua MDF color rosa,Caja magica multiples capas,Taza de Cerámica Artesanal,Impresión Gráfica A4,USB Personalizado,Taza de Porcelana
Reloj de Pared Corporativo
Marco Decorativo MDF,Bolígrafo Espacial Anti-Gravedad,Diseño e Impresión de Tarjetas de Presentación,Lampara de Acrilico Baby Yoda,Restauración Fotografía Antigua,USB Personalizado,Taza de Porcelana
Restauración Fotografía Antigua,Diseño e Impresión de Tarjetas de Presentación,Portarretratos MDF,USB Personalizado,Taza de Porcelana
Set de Café Premium,Playera Estampada,USB Personalizado,Taza de Porcelana
Lampara de Acrilico Baby Yoda,Playera Estampada,USB Personalizado,Taza de Porcelana
Restauración Fotografía Color,USB Personalizado,Taza de Porcelana
USB Personalizado,Taza de Porcelana
Taza Purificadora de Agua,Diseño e Impresión de Tarjetas de Presentación,Lámpara Personalizada LED
Lámpara Personalizada LED,Bolígrafo Publicitario,USB Personalizado,Taza de Porcelana
USB Personalizado,Taza de Porcelana
Bolígrafo Espacial Anti-Gravedad,USB Personalizado,Taza de Porcelana
Conejo de Pascua MDF color rosa,Set de Té,Juego Didáctico de Ensamble,USB Personalizado,Taza de Porcelana
Disco Duro Portátil Indestructible,Reloj de Escritorio,USB Personalizado,Taza de Porcelana
Libreta Ecológica Bambú,USB Personalizado,Taza de Porcelana
Cuaderno Profesional,Taza Cerámica Blanca,USB Personalizado,Taza de Porcelana
Taza Clásica Negra,USB Personalizado,Taza de Porcelana
Bufanda Promocional,Reloj de Escritorio,USB Personalizado,Taza de Porcelana
Gorra Ajustable,Lámpara Elegante
Reloj de Escritorio,Taza Clásica Negra,USB Personalizado,Taza de Porcelana
Camiseta Deportiva TechFit,Cofre de Regalo,USB Personalizado,Taza de Porcelana
USB Personalizado,Taza de Porcelana
Restauración Fotografía Antigua,Reloj de Pared Corporativo,Playera Cuello V,USB Personalizado,Taza de Porcelana
USB Personalizado,USB Personalizado,Taza de Porcelana
Set de Oficina Portátil
USB Personalizado,Taza de Porcelana
Set de Regalos Empresariales,USB Personalizado,Taza de Porcelana
Diploma de Reconocimiento
Paraguas Corporativo,Set de Té,USB Personalizado,Taza de Porcelana
Set de Oficina Portátil,USB Personalizado,Taza de Porcelana
Reloj de Escritorio,USB Personalizado,Taza de Porcelana
Restauración Fotografía Antigua,USB Personalizado,Taza de Porcelana
Botella Smart,USB Personalizado,Taza de Porcelana
Set de Café Premium,Bolígrafo Espacial Anti-Gravedad,USB Personalizado,Taza de Porcelana
USB Personalizado,Taza de Porcelana
Termo Vacío,Caja magica multiples capas,Botella Smart,Llavero Promocional,USB Personalizado,Taza de Porcelana
Cuaderno Profesional,Playera Geek,Playera Manga Larga,USB Personalizado,Taza de Porcelana
USB Personalizado,Taza de Porcelana
Taza de Porcelana,USB Personalizado,Taza de Porcelana
Taza Cerámica Negra,USB Personalizado,Taza de Porcelana
Taza de Porcelana,USB Personalizado,Taza de Porcelana
USB Personalizado,Taza de Porcelana
Playera Geek,Agenda Corporativa,Set de Café Premium,Termo Vacío,USB Personalizado,Taza de Porcelana
USB Personalizado,Taza de Porcelana
USB Personalizado,Taza de Porcelana
Tarjetas de Presentación Digitales,Taza de Cerámica con Termómetro
Cofre de Regalo,Bufanda Promocional,Carpeta Personalizada,USB Personalizado,Taza de Porcelana
Bufanda Promocional,USB Personalizado,Taza de Porcelana
Playera Personalizada Blanca,USB Personalizado,Taza de Porcelana
Lámpara de Mesa Personalizada,Playera Vintage,USB Personalizado,Taza de Porcelana
Playera STYLE and TENDENCIA Ave,USB Personalizado,Taza de Porcelana
Paraguas Corporativo,Set de Vinos,USB Personalizado,Taza de Porcelana
Libreta Ecológica Bambú,USB Personalizado,Taza de Porcelana
USB Personalizado,Taza de Porcelana
Camiseta con Panel Solar Integrado,USB Personalizado,Taza de Porcelana
Juego Didáctico de Ensamble,USB Personalizado,Taza de Porcelana
Playera Cuello V,USB Personalizado,Taza de Porcelana
Taza de Porcelana,USB Personalizado,Taza de Porcelana
Libreta Ecológica Bambú,Bolígrafo Publicitario,USB Personalizado,Taza de Porcelana
Llavero Promocional,USB Personalizado,Taza de Porcelana
Bolígrafo Espacial Anti-Gravedad,Taza Fotográfica,USB Personalizado,Taza de Porcelana
Diseño e Impresión de Tarjetas de Presentación,USB Personalizado,Taza de Porcelana
Camiseta Antibacterial Premium,Lapicero Ejecutivo Plata,USB Personalizado,Taza de Porcelana
Taza de Diseño Minimalista,USB Personalizado,Taza de Porcelana
Set de Vinos,Guirnalda Evento,Rompecabezas MDF 1000 Piezas,USB Personalizado,Taza de Porcelana
Bufanda Promocional,USB Personalizado,Taza de Porcelana
Set de Café Premium,USB Personalizado,Taza de Porcelana
Playera STYLE and TENDENCIA Ave,USB Personalizado,Taza de Porcelana
Set de Oficina Portátil,USB Personalizado,Taza de Porcelana
USB Personalizado,Taza de Porcelana
Taza Clásica Blanca,USB Personalizado,Taza de Porcelana
Reloj de Escritorio
USB Personalizado,Taza de Porcelana
Libreta Ejecutiva,Portalápices de Madera
Diploma de Reconocimiento,USB Personalizado,Taza de Porcelana
Kit Bienvenida,Playera Oversize,USB Personalizado,Taza de Porcelana
Guirnalda Evento,Portalápices de Madera,Carpeta Personalizada
Cuaderno Profesional,Camiseta con Panel Solar Integrado,USB Personalizado,Taza de Porcelana
Taza de Viaje,USB Personalizado,Taza de Porcelana
Gorra Ajustable,Taza Cerámica Negra,USB Personalizado,Taza de Porcelana
Portarretratos MDF,Diseño e Impresión de Tarjetas de Presentación,USB Personalizado,Taza de Porcelana
Portalápices de Madera,USB Personalizado,Taza de Porcelana
Sudadera Térmica con Capucha,Porta Tarjetas,Tarjetero de Metal,Taza Cerámica Blanca
Escultura de Cristal,USB Personalizado,Taza de Porcelana
Cofre de Regalo,USB Personalizado,Taza de Porcelana
USB Personalizado,Taza de Porcelana
Conejo de Pascua MDF color rosa,USB Personalizado,Taza de Porcelana
Set de Vinos,Llavero Multifunción Táctico,Taza de Viaje
Disco Duro Portátil Indestructible,USB Personalizado,Taza de Porcelana
Bolígrafo Espacial Anti-Gravedad,Bolígrafo Promocional,USB Personalizado,Taza de Porcelana
Bolígrafo Espacial Anti-Gravedad,Llavero Multifunción Táctico,USB Personalizado,Taza de Porcelana
USB Personalizado,Taza de Porcelana
Cuaderno Profesional,Cuaderno Profesional,USB Personalizado,Taza de Porcelana
Soporte para Teléfono,Reloj de Pared Corporativo,USB Personalizado,Taza de Porcelana
Agenda Ejecutiva,USB Personalizado,Taza de Porcelana
Super Vivid Led Neon Rayo,USB Personalizado,Taza de Porcelana
USB Personalizado,Taza de Porcelana
Lámpara Elegante,USB Personalizado,Taza de Porcelana
Restauración de Fotografías,Bufanda Promocional,Set de Café Premium
Playera Personalizada Negra,Libreta Ecológica Bambú,USB Personalizado,Taza de Porcelana
Impresión Gráfica A4,Set de Café Premium,Diploma de Reconocimiento,USB Personalizado,Taza de Porcelana
USB Personalizado,Taza de Porcelana
Caja magica multiples capas,USB Personalizado,Taza de Porcelana
Taza de Cerámica con Termómetro,Lampara de Acrilico Baby Yoda,Lámpara de Proyección Estelar
Reloj de Escritorio,USB Personalizado,Taza de Porcelana
USB Personalizado,Taza de Porcelana
Edición de Fotografías Digitales,Set de Vinos,USB Personalizado,Taza de Porcelana
Taza con Meme,Llavero Promocional,USB Personalizado,Taza de Porcelana
Tarjeta de Presentación Elegante,USB Personalizado,Taza de Porcelana
Libreta Personalizada A5,USB Personalizado,Taza de Porcelana
Playera Cuello V,USB Personalizado,Taza de Porcelana
Mochila Promocional,Restauración de Fotografías,USB Personalizado,Taza de Porcelana
Playera Geek,Paraguas Corporativo,Playera Oversize,Taza con Meme,Taza Clásica Negra
USB Personalizado,Taza de Porcelana
USB Personalizado,Taza de Porcelana
Bolígrafo Promocional,USB Personalizado,Taza de Porcelana
USB Personalizado,Taza de Porcelana
Tarjetero de Metal,Kit Bienvenida,Camiseta Deportiva TechFit,USB Personalizado,Taza de Porcelana
Tarjeta de Presentación Elegante
Playera Premium,USB Personalizado,Taza de Porcelana
Diseño e Impresión de Tarjetas de Presentación,Set de Regalos Empresariales,Conejo de Pascua MDF color rosa,USB Personalizado,Taza de Porcelana
USB Personalizado,Taza de Porcelana
USB Personalizado,Taza de Porcelana
USB Personalizado,Taza de Porcelana
USB Personalizado,Taza de Porcelana
USB Personalizado,Taza de Porcelana
USB Personalizado,Taza de Porcelana
USB Personalizado,Taza de Porcelana
USB Personalizado,Taza de Porcelana
USB Personalizado,Taza de Porcelana
USB Personalizado,Taza de Porcelana
USB Personalizado,Taza de Porcelana
USB Personalizado,Taza de Porcelana
USB Personalizado,Taza de Porcelana
USB Personalizado,Taza de Porcelana
USB Personalizado,Taza de Porcelana
USB Personalizado,Taza de Porcelana
USB Personalizado,Taza de Porcelana
USB Personalizado,Taza de Porcelana
USB Personalizado,Taza de Porcelana
USB Personalizado,Taza de Porcelana
USB Personalizado,Taza de Porcelana
USB Personalizado,Taza de Porcelana
USB Personalizado,Taza de Porcelana
USB Personalizado,Taza de Porcelana
USB Personalizado,Taza de Porcelana
USB Personalizado,Taza de Porcelana
USB Personalizado,Taza de Porcelana
USB Personalizado,Taza de Porcelana
USB Personalizado,Taza de Porcelana
USB Personalizado,Taza de Porcelana
USB Personalizado,Taza de Porcelana
USB Personalizado,Taza de Porcelana
USB Personalizado,Taza de Porcelana
USB Personalizado,Taza de Porcelana
USB Personalizado,Taza de Porcelana
USB Personalizado,Taza de Porcelana
USB Personalizado,Taza de Porcelana
USB Personalizado,Taza de Porcelana
USB Personalizado,Taza de Porcelana
USB Personalizado,Taza de Porcelana
USB Personalizado,Taza de Porcelana
USB Personalizado,Taza de Porcelana
USB Personalizado,Taza de Porcelana
USB Personalizado,Taza de Porcelana
USB Personalizado,Taza de Porcelana
USB Personalizado,Taza de Porcelana
USB Personalizado,Taza de Porcelana
USB Personalizado,Taza de Porcelana
USB Personalizado,Taza de Porcelana
USB Personalizado,Taza de Porcelana
USB Personalizado,Taza de Porcelana
USB Personalizado,Taza de Porcelana
USB Personalizado,Taza de Porcelana
USB Personalizado,Taza de Porcelana
USB Personalizado,Taza de Porcelana
USB Personalizado,Taza de Porcelana
USB Personalizado,Taza de Porcelana
USB Personalizado,Taza de Porcelana
USB Personalizado,Taza de Porcelana
USB Personalizado,Taza de Porcelana
USB Personalizado,Taza de Porcelana
USB Personalizado,Taza de Porcelana
USB Personalizado,Taza de Porcelana
Super vivid led neon Pink Heart,Bolígrafo Espacial Anti-Gravedad,Restauración de Fotografías,USB Personalizado,Taza de Porcelana
Reloj de Escritorio,Caja de Regalo Ejecutiva,Sudadera Térmica con Capucha,USB Personalizado,Taza de Porcelana
Bolígrafo Espacial Anti-Gravedad,USB Personalizado,Taza de Porcelana
Taza de Porcelana,Reloj de Escritorio,USB Personalizado,Taza de Porcelana
Playera STYLE and TENDENCIA Ave,USB Personalizado,Taza de Porcelana
Playera STYLE and TENDENCIA Ave,USB Personalizado,Taza de Porcelana
Escultura de Cristal,USB Personalizado,Taza de Porcelana
Taza Mágica,USB Personalizado,Taza de Porcelana
Mochila Promocional,Playera Cuello V,USB Personalizado,Taza de Porcelana
Taza Purificadora de Agua,Restauración de Fotografías,USB Personalizado,Taza de Porcelana
Diseño e Impresión de Tarjetas de Presentación,Taza con Meme,Taza Clásica Negra,USB Personalizado,Taza de Porcelana
Reloj de Pared Corporativo,Porta Tarjetas,Cuaderno Profesional,USB Personalizado,Taza de Porcelana
USB Personalizado,Taza de Porcelana
USB Personalizado,Taza de Porcelana
Termo Vacío,Playera Cuello V,A1prueba con personalizacion,USB Personalizado,Taza de Porcelana
Playera Personalizada Negra
USB Personalizado,Taza de Porcelana
Bufanda Promocional,Restauración de Fotografías,USB Personalizado,Taza de Porcelana
USB Personalizado,Taza de Porcelana
Diseño e Impresión de Tarjetas de Presentación,Taza con Meme,USB Personalizado,Taza de Porcelana
USB Personalizado,Taza de Porcelana
Termo Vacío,USB Personalizado,Taza de Porcelana
Reloj de Escritorio,USB Personalizado,Taza de Porcelana
USB Personalizado,Taza de Porcelana
Caja magica multiples capas,USB Personalizado,Taza de Porcelana
USB Personalizado,Taza de Porcelana
Lapicero Ejecutivo Plata,USB Personalizado,Taza de Porcelana
Lampara de Acrilico Baby Yoda,USB Personalizado,Taza de Porcelana
Taza Cerámica Blanca,Reloj de Escritorio,Caja magica multiples capas,Agenda Ejecutiva,Bolígrafo Espacial Anti-Gravedad,Lampara de Acrilico Baby Yoda,USB Personalizado,Taza de Porcelana
Bolígrafo Espacial Anti-Gravedad,Edición de Fotografías Digitales,USB Personalizado,Taza de Porcelana
Playera Cuello V,USB Personalizado,Taza de Porcelana
USB Personalizado,Taza de Porcelana
USB Personalizado,Taza de Porcelana
Taza Clásica Negra,Playera Estampada,USB Personalizado,Taza de Porcelana
Taza de Cerámica con Termómetro,USB Personalizado,Taza de Porcelana
Camiseta con Panel Solar Integrado,USB Personalizado,Taza de Porcelana
Mousepad Personalizado,USB Personalizado,Taza de Porcelana
Restauración de Fotografías,USB Personalizado,Taza de Porcelana
USB Personalizado,Taza de Porcelana
Taza Cerámica Blanca,Playera Manga Larga,USB Personalizado,Taza de Porcelana
Taza Clásica Negra,Reloj de Pared Corporativo,USB Personalizado,Taza de Porcelana
Disco Duro Portátil Indestructible,USB Personalizado,Taza de Porcelana
Agenda Corporativa,Set de Oficina Portátil,USB Personalizado,Taza de Porcelana
Escultura de Cristal,Botella Smart,USB Personalizado,Taza de Porcelana
USB Personalizado,Taza de Porcelana
Taza Edición Especial,USB Personalizado,Taza de Porcelana
Camiseta Reflectante Nocturna,Restauración Fotografía Color,Taza Clásica Blanca,Guirnalda Evento,USB Personalizado,Taza de Porcelana
Reloj de Escritorio,Botella Smart,USB Personalizado,Taza de Porcelana
Libreta Ecológica Bambú,USB Personalizado,Taza de Porcelana
Taza de Porcelana,Playera Geek,Playera Personalizada,USB Personalizado,Taza de Porcelana
Reloj de Escritorio,USB Personalizado,Taza de Porcelana
Taza Clásica Negra,USB Personalizado,Taza de Porcelana
Termo Vacío,USB Personalizado,Taza de Porcelana
Playera STYLE and TENDENCIA Ave,Rompecabezas MDF 1000 Piezas,Mochila Promocional,USB Personalizado,Taza de Porcelana
Cuaderno Profesional,Caja magica multiples capas,Playera Deportiva,Lapicero Ejecutivo Plata,Gorra Ajustable,USB Personalizado,Taza de Porcelana
Termo Metálico,USB Personalizado,Taza de Porcelana
Lapicero con Base Metálica,Camiseta Deportiva TechFit,Playera Deportiva,USB Personalizado,Taza de Porcelana
Taza con Meme,Playera Cuello V,USB Personalizado,Taza de Porcelana
Reloj de Pared Corporativo,USB Personalizado,Taza de Porcelana
USB Personalizado,Taza de Porcelana
Lampara de Acrilico Baby Yoda,USB Personalizado,Taza de Porcelana
Playera Básica Algodón,USB Personalizado,Taza de Porcelana
Porta Tarjetas,USB Personalizado,Taza de Porcelana
Playera Premium,Lámpara Elegante,Disco Duro Portátil Indestructible
Taza Fotográfica,USB Personalizado,Taza de Porcelana
Set de Oficina Portátil,Restauración Fotografía Color,Playera Vintage,USB Personalizado,Taza de Porcelana
A1prueba con personalizacion,USB Personalizado,Taza de Porcelana
USB Personalizado,Taza de Porcelana
Carpeta Personalizada,Restauración Fotografía Antigua,USB Personalizado,Taza de Porcelana
Playera Deportiva,Portarretratos MDF,Taza con Meme,USB Personalizado,Taza de Porcelana
Playera Oversize,USB Personalizado,Taza de Porcelana
USB Personalizado,Taza de Porcelana
Set de Té,USB Personalizado,Taza de Porcelana
Playera Oversize,A1prueba con personalizacion,USB Personalizado,Taza de Porcelana
Camiseta con Panel Solar Integrado,Termo Vacío,USB Personalizado,Taza de Porcelana
Playera Vintage,USB Personalizado,Taza de Porcelana
Playera Deportiva,Guirnalda Evento,Reloj de Escritorio,USB Personalizado,Taza de Porcelana
Tarjetas de Presentación Digitales,USB Personalizado,Taza de Porcelana
Taza de Porcelana,USB Personalizado,Taza de Porcelana
Playera Básica Algodón,USB Personalizado,Taza de Porcelana
Camiseta con Panel Solar Integrado,Diploma de Reconocimiento,USB Personalizado,Taza de Porcelana
Taza Edición Especial,USB Personalizado,Taza de Porcelana
Playera STYLE and TENDENCIA Ave,Restauración de Fotografías,USB Personalizado,Taza de Porcelana
Playera STYLE and TENDENCIA Twins Horses,Playera Elefante Infinity,Taza de Porcelana,USB Personalizado,Taza de Porcelana
Kit Bienvenida
Termo Vacío,Taza Fotográfica,Restauración de Fotografías,Gorra Ajustable,USB Personalizado,Taza de Porcelana
Edición de Fotografías Digitales,Tote Bag Ecológica,USB Personalizado,Taza de Porcelana
Libreta Ecológica Bambú,Taza Mágica,Super Vivid Led Neon Rayo,USB Personalizado,Taza de Porcelana
Taza Fotográfica,Rompecabezas MDF 500 Piezas,Guirnalda Evento,Disco Duro Portátil Indestructible,Lámpara de Proyección Estelar,USB Personalizado,Taza de Porcelana
Super Vivid Led Neon Rayo,USB Personalizado,Taza de Porcelana
Playera Personalizada,USB Personalizado,Taza de Porcelana
Playera Manga Larga,USB Personalizado,Taza de Porcelana
USB Personalizado,Taza de Porcelana
Llavero Promocional,Caja magica multiples capas,USB Personalizado,Taza de Porcelana
USB Personalizado,Taza de Porcelana
Caja de Regalo MDF,Llavero Promocional,USB Personalizado,Taza de Porcelana
Juego Didáctico de Ensamble,Restauración Fotografía Antigua,USB Personalizado,Taza de Porcelana
USB Personalizado,Taza de Porcelana
Playera Cuello V,USB Personalizado,Taza de Porcelana
Reloj de Escritorio,USB Personalizado,Taza de Porcelana
USB Personalizado,Taza de Porcelana
Lámpara Elegante,Taza de Cerámica con Termómetro,USB Personalizado,Taza de Porcelana
Reloj de Pared Corporativo,Lámpara Elegante,USB Personalizado,Taza de Porcelana
Soporte para Teléfono,Soporte para Teléfono,USB Personalizado,Taza de Porcelana
Set de Té
Taza Fotográfica,USB Personalizado,Taza de Porcelana
Bufanda Promocional,USB Personalizado,Taza de Porcelana
Termo Metálico,USB Personalizado,Taza de Porcelana
Tote Bag Ecológica,USB Personalizado,Taza de Porcelana
Caja de Regalo MDF,Restauración de Fotografías,USB Personalizado,Taza de Porcelana
Taza con Meme,USB Personalizado,Taza de Porcelana
Taza Clásica Blanca,Guirnalda Evento,Taza de Porcelana,Cuaderno Personalizado A4,Tarjeta de Presentación Minimalista,USB Personalizado,Taza de Porcelana
USB Personalizado,USB Personalizado,Taza de Porcelana
Playera Cuello V,Marco Decorativo MDF,Playera Vintage,USB Personalizado,Taza de Porcelana
Bufanda Promocional,USB Personalizado,Taza de Porcelana
USB Personalizado,Taza de Porcelana
Tarjetas de Presentación Digitales,Lapicero Ejecutivo Plata,USB Personalizado,USB Personalizado,Taza de Porcelana
Playera Deportiva,Lapicero Ejecutivo Plata,USB Personalizado,Taza de Porcelana
Tarjeta de Presentación Minimalista,USB Personalizado,Taza de Porcelana
USB Personalizado,Taza de Porcelana
Playera Vintage,USB Personalizado,Taza de Porcelana
Conejo de Pascua MDF color rosa
USB Personalizado,Taza de Porcelana
Playera STYLE and TENDENCIA Ave,USB Personalizado,Taza de Porcelana
USB Personalizado,Taza de Porcelana
USB Personalizado,Taza de Porcelana
Lámpara de Mesa Personalizada,USB Personalizado,Taza de Porcelana
USB Personalizado,Taza de Porcelana
USB Personalizado,Taza de Porcelana
Taza de Viaje,Taza Clásica Blanca,Camiseta con Panel Solar Integrado,USB Personalizado,Taza de Porcelana
Juego Didáctico de Ensamble,Bolígrafo Publicitario,USB Personalizado,Taza de Porcelana
Juego Didáctico de Ensamble,Taza de Viaje,USB Personalizado,Taza de Porcelana
Botella Smart,USB Personalizado,Taza de Porcelana
Lámpara Elegante,Libreta Personalizada A5,Tarjetero de Metal,USB Personalizado,Taza de Porcelana
Playera Oversize,USB Personalizado,Taza de Porcelana
Tarjetas de Presentación Digitales,USB Personalizado,Taza de Porcelana
Super vivid led neon Pink Heart,Bolígrafo Promocional,Libreta Ejecutiva,USB Personalizado,Taza de Porcelana
USB Personalizado,Taza de Porcelana
Super Vivid Led Neon Rayo,Cuaderno Profesional,Set de Vinos,USB Personalizado,Taza de Porcelana
Playera Personalizada Blanca,USB Personalizado,Taza de Porcelana
Playera Personalizada Negra,Bufanda Promocional,USB Personalizado,Taza de Porcelana
Escultura de Cristal,USB Personalizado,Taza de Porcelana
Rompecabezas MDF 500 Piezas,Taza Fotográfica,Restauración de Fotografías,Lámpara de Proyección Estelar,Marco Decorativo MDF,USB Personalizado,Taza de Porcelana
USB Personalizado,Taza de Porcelana
Lapicero Ejecutivo Plata,Set de Oficina Portátil,USB Personalizado,Taza de Porcelana
Cuaderno Profesional,Set de Té,Set de Vinos,Playera Cuello V,USB Personalizado,Taza de Porcelana
Playera Deportiva
USB Personalizado,Taza de Porcelana
Portalápices de Madera,USB Personalizado,Taza de Porcelana
Playera Básica Algodón,Taza Edición Especial,USB Personalizado,Taza de Porcelana
Lampara de Acrilico Baby Yoda,Taza Clásica Negra,Diploma de Reconocimiento,USB Personalizado,Taza de Porcelana
Cuaderno Profesional,USB Personalizado,Taza de Porcelana
Libreta Ejecutiva,Playera STYLE and TENDENCIA Ave,USB Personalizado,Taza de Porcelana
USB Personalizado,Taza de Porcelana
USB Personalizado,Taza de Porcelana
Soporte para Teléfono,Super vivid led neon Pink Heart,Playera STYLE and TENDENCIA Ave,USB Personalizado,Taza de Porcelana
Cofre de Regalo,USB Personalizado,Taza de Porcelana
USB Personalizado,Taza de Porcelana
USB Personalizado,Taza de Porcelana
Rompecabezas MDF 1000 Piezas,USB Personalizado,Taza de Porcelana
Lapicero con Base Metálica,Libreta Ejecutiva,USB Personalizado,Taza de Porcelana
Reloj de Pared Corporativo,USB Personalizado,Taza de Porcelana
Super vivid led neon Pink Heart,USB Personalizado,Taza de Porcelana
Set de Escritorio,USB Personalizado,Taza de Porcelana
USB Personalizado,Taza de Porcelana
Portalápices de Madera,Edición de Fotografías Digitales,USB Personalizado,Taza de Porcelana
Taza Cerámica Negra,Taza con Meme,USB Personalizado,Taza de Porcelana
Lámpara de Proyección Estelar,Taza Clásica Negra,USB Personalizado,Taza de Porcelana
Playera STYLE and TENDENCIA Ave,USB Personalizado,Taza de Porcelana
Camiseta Reflectante Nocturna,USB Personalizado,Taza de Porcelana
USB Personalizado,Taza de Porcelana
Playera STYLE and TENDENCIA Ave,Bolígrafo Espacial Anti-Gravedad,USB Personalizado,Taza de Porcelana
Super vivid led neon Pink Heart,Playera Personalizada Blanca,USB Personalizado,Taza de Porcelana
Playera Vintage,USB Personalizado,Taza de Porcelana
Playera Estampada,USB Personalizado,Taza de Porcelana
Portarretratos MDF,Bolígrafo Espacial Anti-Gravedad,Taza Purificadora de Agua,USB Personalizado,Taza de Porcelana
Playera Personalizada,USB Personalizado,Taza de Porcelana
Diploma de Reconocimiento,Lámpara de Mesa Personalizada,Taza de Cerámica Artesanal,USB Personalizado,Taza de Porcelana
Edición de Fotografías Digitales,USB Personalizado,Taza de Porcelana
Rompecabezas MDF 500 Piezas
Impresión Fotográfica 10x15,Cofre de Regalo,USB Personalizado,Taza de Porcelana
Kit Bienvenida,USB Personalizado,Taza de Porcelana
Cofre de Regalo,Portalápices de Madera,Soporte para Teléfono,USB Personalizado,Taza de Porcelana
USB Personalizado,Taza de Porcelana
Agenda Ejecutiva,Super Vivid Led Neon Rayo,USB Personalizado,Taza de Porcelana
Llavero Multifunción Táctico,Impresión Gráfica A4,USB Personalizado,Taza de Porcelana
Caja magica multiples capas
Playera Personalizada,Cofre de Regalo,USB Personalizado,Taza de Porcelana
Playera Oversize,Taza Cerámica Negra
Taza de Porcelana,Disco Duro Portátil Indestructible,USB Personalizado,Taza de Porcelana
USB Personalizado,Taza de Porcelana
Set de Té,Diseño e Impresión de Tarjetas de Presentación,Carpeta Personalizada,USB Personalizado,Taza de Porcelana
USB Personalizado,Taza de Porcelana
Bolígrafo Espacial Anti-Gravedad,USB Personalizado,Taza de Porcelana
Set de Café Premium,Taza de Porcelana,USB Personalizado,Taza de Porcelana
Tote Bag Ecológica,Lampara de Acrilico Baby Yoda,USB Personalizado,Taza de Porcelana
Playera Básica Algodón,Super vivid led neon Pink Heart,Taza Clásica Negra,USB Personalizado,Taza de Porcelana
Super vivid led neon Pink Heart,USB Personalizado,Taza de Porcelana
Playera Oversize
USB Personalizado,Taza de Porcelana
Taza Purificadora de Agua,Juego Didáctico de Ensamble,USB Personalizado,Taza de Porcelana
USB Personalizado,Taza de Porcelana
Taza con Meme,USB Personalizado,Taza de Porcelana
Conejo de Pascua MDF color rosa,USB Personalizado,Taza de Porcelana
Set de Oficina Portátil,USB Personalizado,Taza de Porcelana
Bolígrafo Promocional,USB Personalizado,Taza de Porcelana
Lapicero Ejecutivo Plata,Taza con Meme,Playera Básica Algodón,Set de Té,USB Personalizado,Taza de Porcelana
Diploma de Reconocimiento,Camiseta Antibacterial Premium,Escultura de Cristal,Set de Café Premium,USB Personalizado,Taza de Porcelana
USB Personalizado,Taza de Porcelana
Bolígrafo Espacial Anti-Gravedad,USB Personalizado,Taza de Porcelana
Disco Duro Portátil Indestructible,Libreta Personalizada A5,USB Personalizado,Taza de Porcelana
USB Personalizado,Taza de Porcelana
Botella Smart,Super Vivid Led Neon Rayo,USB Personalizado,Taza de Porcelana
USB Personalizado,Taza de Porcelana
Botella Smart
Porta Tarjetas,USB Personalizado,Taza de Porcelana
Sudadera Térmica con Capucha,Set de Té,USB Personalizado,Taza de Porcelana
Guirnalda Evento,USB Personalizado,Taza de Porcelana
USB Personalizado,Taza de Porcelana
Playera Vintage,USB Personalizado,Taza de Porcelana
Playera Premium,USB Personalizado,Taza de Porcelana
Playera Elefante Infinity,Cuaderno Profesional,USB Personalizado,Taza de Porcelana
Lampara de Acrilico Baby Yoda,Taza de Cerámica Artesanal,USB Personalizado,Taza de Porcelana
Playera Personalizada,Diseño e Impresión de Tarjetas de Presentación,Caja magica multiples capas,Lapicero Ejecutivo Plata,USB Personalizado,Taza de Porcelana
Soporte para Teléfono,USB Personalizado,Taza de Porcelana
Super vivid led neon Pink Heart,Playera Cuello V,USB Personalizado,Taza de Porcelana
Super vivid led neon Pink Heart,USB Personalizado,Taza de Porcelana
Playera Cuello V,USB Personalizado,Taza de Porcelana
Set de Té,Taza de Diseño Minimalista,USB Personalizado,Taza de Porcelana
Set de Té,Taza con Meme,USB Personalizado,Taza de Porcelana
Llavero Promocional,Set de Té
Cuaderno Profesional,Playera Estampada,USB Personalizado,Taza de Porcelana
Taza de Cerámica Artesanal,Bolígrafo Publicitario,USB Personalizado,Taza de Porcelana
Taza Purificadora de Agua,Tarjetas de Presentación Digitales,USB Personalizado,Taza de Porcelana
Playera Personalizada,Tarjetero de Metal,Kit Home Office,USB Personalizado,Taza de Porcelana
Conejo de Pascua MDF color rosa,Cuaderno Profesional,Taza de Cerámica con Termómetro
Playera Personalizada Blanca,Tarjetas de Presentación Digitales
Set de Vinos,Edición de Fotografías Digitales,USB Personalizado,Taza de Porcelana
Taza Cerámica Negra,Lampara de Acrilico Baby Yoda,USB Personalizado,Taza de Porcelana
Guirnalda Evento,USB Personalizado,Taza de Porcelana
USB Personalizado,Taza de Porcelana
Cuaderno Personalizado A4,Caja magica multiples capas,Taza Purificadora de Agua,Cuaderno Profesional,Cuaderno Personalizado A4,Playera Cuello V
Cofre de Regalo,Disco Duro Portátil Indestructible,USB Personalizado,Taza de Porcelana
Caja de Regalo MDF,Playera Personalizada Blanca,USB Personalizado,Taza de Porcelana
Set de Té,USB Personalizado,Taza de Porcelana
USB Personalizado,Taza de Porcelana
USB Personalizado,Taza de Porcelana
USB Personalizado,Taza de Porcelana
USB Personalizado,Taza de Porcelana
USB Personalizado,Taza de Porcelana
USB Personalizado,Taza de Porcelana
USB Personalizado,Taza de Porcelana
USB Personalizado,Taza de Porcelana
USB Personalizado,Taza de Porcelana
USB Personalizado,Taza de Porcelana
USB Personalizado,Taza de Porcelana
USB Personalizado,Taza de Porcelana
USB Personalizado,Taza de Porcelana
USB Personalizado,Taza de Porcelana
USB Personalizado,Taza de Porcelana
USB Personalizado,Taza de Porcelana
USB Personalizado,Taza de Porcelana
USB Personalizado,Taza de Porcelana
USB Personalizado,Taza de Porcelana
USB Personalizado,Taza de Porcelana
USB Personalizado,Taza de Porcelana
USB Personalizado,Taza de Porcelana
USB Personalizado,Taza de Porcelana
USB Personalizado,Taza de Porcelana
USB Personalizado,Taza de Porcelana
USB Personalizado,Taza de Porcelana
USB Personalizado,Taza de Porcelana
USB Personalizado,Taza de Porcelana
USB Personalizado,Taza de Porcelana
USB Personalizado,Taza de Porcelana
USB Personalizado,Taza de Porcelana
USB Personalizado,Taza de Porcelana
USB Personalizado,Taza de Porcelana
USB Personalizado,Taza de Porcelana
USB Personalizado,Taza de Porcelana
USB Personalizado,Taza de Porcelana
USB Personalizado,Taza de Porcelana
USB Personalizado,Taza de Porcelana
USB Personalizado,Taza de Porcelana
USB Personalizado,Taza de Porcelana
USB Personalizado,Taza de Porcelana
USB Personalizado,Taza de Porcelana
USB Personalizado,Taza de Porcelana
USB Personalizado,Taza de Porcelana
USB Personalizado,Taza de Porcelana
USB Personalizado,Taza de Porcelana
USB Personalizado,Taza de Porcelana
USB Personalizado,Taza de Porcelana
USB Personalizado,Taza de Porcelana
USB Personalizado,Taza de Porcelana
USB Personalizado,Taza de Porcelana
USB Personalizado,Taza de Porcelana
USB Personalizado,Taza de Porcelana
USB Personalizado,Taza de Porcelana
USB Personalizado,Taza de Porcelana
USB Personalizado,Taza de Porcelana
USB Personalizado,Taza de Porcelana
USB Personalizado,Taza de Porcelana
USB Personalizado,Taza de Porcelana
USB Personalizado,Taza de Porcelana
USB Personalizado,Taza de Porcelana
USB Personalizado,Taza de Porcelana
USB Personalizado,Taza de Porcelana
USB Personalizado,Taza de Porcelana
USB Personalizado,Taza de Porcelana
USB Personalizado,Taza de Porcelana
USB Personalizado,Taza de Porcelana
USB Personalizado,Taza de Porcelana
USB Personalizado,Taza de Porcelana
USB Personalizado,Taza de Porcelana
USB Personalizado,Taza de Porcelana
USB Personalizado,Taza de Porcelana
USB Personalizado,Taza de Porcelana
USB Personalizado,Taza de Porcelana
USB Personalizado,Taza de Porcelana
USB Personalizado,Taza de Porcelana
USB Personalizado,Taza de Porcelana
USB Personalizado,Taza de Porcelana
USB Personalizado,Taza de Porcelana
USB Personalizado,Taza de Porcelana
USB Personalizado,Taza de Porcelana
USB Personalizado,Taza de Porcelana
USB Personalizado,Taza de Porcelana